{"mel_mean": -4.616305351257324, "mel_std": 2.273892879486084}